{
  "languages": {
    "malaysia": "马来西亚",
    "singapore": "新加坡",
    "vietnam": "越南",
    "international": "国际"
  },
  "login": "登入",
  "username": "账号",
  "password": "密码",
  "i_ll_do_this_later": "先去逛逛",
  "remember_password": "记住密码",
  "forget_password": "忘记密码？",
  "register_new_account": "注册新用户",
  "register": "注册",
  "confirm_password": "确认密码",
  "back_to_login_page": "返回登入",
  "captcha_code": "验证码",
  "register_long_text": "通过点击注册，我在此确认我已年满 18 岁并已阅读并接受您的条款和条件",
  "register_second_long_text": "您需要填写以下信息以保护您的账户安全",
  "full_name": "真实姓名",
  "date_of_birth": "出生日期",
  "phone_number": "手机号码",
  "email_address": "电子邮箱",
  "submit": "提交",
  "customer_service": "客服",
  "register_success": "成功注册",
  "deposit_now": "立即存款",
  "register_thank_you_shoft": "恭喜注册成功！欢迎您加入欧宝娱乐大家庭！",
  "register_thank_you_long": "系统会带您到存款页面以开始您的游戏体验。您也可以点击下方链接以游览我们的存款页面。",
  "home": "首页",
  "wallet": "钱包",
  "promotion": "优惠",
  "sponsors": "赞助",
  "my_account": "我的",
  "Approve": "成功",
  "Rejected": "已取消",
  "VIP_PRIVILEGE": "VIP <br/>特权",
  "CAMPAIGN_BONANZA": "豪礼 <br/>赠送",
  "index": {
    "notification_run": "公告信息将显示在这里。公告信息将显示在这里。公告信息将显示在这里。",
    "sports_events": "体育赛事",
    "live_casino": "真人娱乐",
    "slot_machines": "老虎机",
    "fishing_game": "捕鱼",
    "e_sports": "电子竞技",
    "lottery_game": "彩票投注",
    "highest_return": "最高返水"
  },
  "wallet_page": {
    "Approve": "成功",
    "Online_Banking": "银行转账",
    "Payment_Gateway": "支付网关",
    "Crypto_Currency": "加密货币",
    "Having_problem_text": "存款遇到问题？联系<a href='#'>客服人员</a>解决",
    "Having_problem_to_deposit": "存款遇到问题？",
    "Our": "联系",
    "Customer_Service": "客服人员",
    "representative_can_assist_you": "解决",
    "Deposited_from_Maybank": "Maybank 存款",
    "Withdraw_successful": "成功提款",
    "New_member_30_free_30": "新会员30送30优惠",
    "Cash_Rebate": "现金返水",
    "Attention": {
      "online_banking": {
        "Line_1": "银行账户持有人的姓名必须与欧宝账户姓名一致，我们<strong class='text-danger'>不接受</strong>用户使用第三方银行户口进行存款。",
        "Line_2": "请在进行存款之前查看我们最新的活跃银行账户。",
        "Line_3": "转账时请<strong class='text-danger'>不要</strong> 在“收款人参考/其它付款详情”中输入任何敏感词。例如：OB Entertainment、OB9、BET、Casino等。",
        "Line_4": "请在转账后提交存款表格，以便我们在收到您的资金后更快地处理您的存款。",
        "Line_5": "请上传收据以享受更快更好的体验。",
        "Line_6": "请注意，在处理任何提款之前，所有存款都需要至少 1 倍流水要求。"
      },
      "payment_gateway": {
        "Line_1": "银行账户持有人的姓名必须与欧宝账户姓名一致，我们<strong class='text-danger'>不接受</strong>用户使用第三方银行户口进行存款。",
        "Line_2": "请注意，在处理任何提款之前，所有存款都需要至少 1 倍流水要求。"
      }
    },
    "withdrawal": {
      "Add_Bank_Account": "添加银行账户",
      "Max": "最大金额",
      "description": "请在申请提款前将所有余额转入主钱包。",
      "help": "需要协助？请联系 <a href='#'>客服人员</a> zh"
    },
    "add-bank-account": {
      "description": "请确保您在欧宝上的姓名与您的银行账户相符。",
      "description2": "请确保您在欧宝上的姓名与您的银行账户相符。",
      "help": "需要协助？请联系<a href='#'>客服人员</a>",
      "Request_Code": "获取验证码",
      "Please_enter_bank_account_number": "请输入银行账户号码",
      "Please_enter_bank_Phone_Number": "请输入手机号码",
      "Please_enter_authentication_code": "请输入验证码"
    },
    "transaction-history": {
      "No_latest_transaction_record": "暂无交易记录",
      "Deposit": "存款",
      "New_member_30_free_30": "新会员30送30优惠",
      "Cash_Rebate": "现金返水",
      "Fail_to_meet_turnover": "未完成流水要求",
      "Withdraw_successful": "成功取款",
      "nav_expand_description": "当前系统支持查询最近30天的交易记录",
      "Cancel": "取消",
      "Confirm": "确定"
    },
    "transfer": {
      "Auto_Transfer": "自动转账",
      "No_transfer_between_game_wallets": "游戏钱包和游戏钱包之间不可以互转",
      "TRANSFER_NOW": "立即转账"
    }
  },
  "menu": {
    "home": "首页",
    "my_account": "我的",
    "vip": "VIP",
    "sponsor": "赞助",
    "faq": "常见问题",
    "info": "消息",
    "about_us": "关于我们",
    "contact_us": "联系我们",
    "region_language": "区域及语言",
    "logout": "安全退出",
    "follow_us": "关注我们"
  },
  "my_account_page": {
    "Customer_Service": "客服",
    "Referral_Program": "好友推荐",
    "Refer_your_friends_get_rewards": "推荐送礼金",
    "Bonus_Center": "福利中心",
    "Help": "帮助中心"
  },
  "sponsors_page": {
    "jv": {
      "Sponsorship_Events_Videos": "赞助盛典特辑",
      "Sponsorship_Events_Videos_caption_1": "2022虎年新春到来之际，欧宝体育携手意甲豪门尤文图斯俱乐部与众球星给您拜年啦！祝您虎虎生威！虎运亨通！",
      "Sponsorship_Events_Videos_caption_2": "欧宝体育和尤文图斯圆满合作一周年！在未来的合作中双方也必定将会竭力为全球粉丝与用户展现最佳的体育娱乐精神，提供最为即时、奢华、顶级的线上线下互动娱乐体验。",
      "Sponsorship_Events_Videos_caption_3": "2021新春到来之际，欧宝体育携手意甲豪门尤文图斯俱乐部，祝您杠上开花，节节高；一路开胡，鸿运当头！",
      "Sponsorship_Events_Videos_caption_4": "意甲豪门尤文图斯足球俱乐部与亚洲领先体育娱乐平台之一的欧宝体育举行官方签约仪式正式宣布双方合作关系。",
      "Sponsorship_Events_Videos_caption_5": "The Lantern Festival is here! OB Sports and  some your favourite Juventus stars are here to wish you Happy Lantern Festival and best of lucks!",
      "Sports_Highlights": "精彩集锦",
      "Sports_Highlights_description": "尤文图斯——意大利足球的领军俱乐部，在截止到2021年这十年间，创纪录地连续九次夺得意甲联赛冠军，完成队史上38次夺得意甲联赛冠军的壮举。而在欧战赛场上，尤文更是欧陆第一支把欧洲三大杯（欧洲冠军杯，欧洲联盟杯，欧洲优胜者杯）都收入囊中的球队。尤文图斯，不仅是意大利的冠军队伍，也是欧战的强劲团队。",
      "Sponsor_Information": "赞助商信息",
      "Sponsor_Information_1": "意甲豪门尤文图斯足球俱乐部与亚洲领先体育娱乐平台之一的欧宝体育举行官方签约仪式正式宣布双方合作关系。",
      "Sponsor_Information_2": "欧宝体育全球关系发展总监兼发言人William Robert与尤文图斯亚太区董事总经理Federico Palomba共同出席并签署赞助协议。",
      "Sponsor_Information_3": "自此，欧宝体育正式成为尤文图斯官方区域合作伙伴，两家知名品牌将通过深入合作，共同 “携手拼搏，直至巅峰，竭力为用户提供最佳体育与娱乐体验”。",
      "Sponsor_Information_4": "",
      "Sponsored_event_photos": "赞助活动现场",
      "Sponsored_event_photos_1": "欧宝体育全球关系发展总监兼发言人William Robert与尤文图斯亚太区董事总经理Federico Palomba在官宣发布会签名墙上签名留念。",
      "Sponsored_event_photos_2": "欧宝体育全球关系发展总监尤文图斯传奇人物拉瓦内利和托里切利见证OB体育与尤文图斯丝绸旗帜的交流合作周年纪念大会。",
      "Sponsored_event_photos_3": "欧宝体育欧洲公共关系发言人Damon Eduardo与尤文图斯首席收益官Giorgio Ricci、尤文传奇球星拉瓦内利、托里切利在双方合作周年发布会上合影留念。",
      "Best_in_the_Industry": "业界最佳",
      "Best_in_the_Industry_title": "专业的原生娱乐APP",
      "Best_in_the_Industry_description": "高效率 最安全 最极致的用户体验",
      "item_title_1": "更安全",
      "item_description_1": "独家网络技术<br/>超强防劫持",
      "item_title_2": "更稳定",
      "item_description_2": "强大的技术团队<br/>提供最稳定的产品",
      "item_title_3": "更丰富",
      "item_description_3": "丰富的游戏产品<br/>您想要的我们都有",
      "item_title_4": "更私密",
      "item_description_4": "三重数据加密<br/>保护您的资料安全",
      "bottom1": "马其他牌照(MGA) 认证",
      "bottom2": "英属维尔京群岛(BVI)认证",
      "bottom3": "P菲律宾(PAGCOR)监管执照"
    },
    "av": {
      "Sponsored_Gala_Special": "赞助盛典特辑",
      "Sponsored_Gala_Special1": "正月十五元宵到，欧宝欧气跟随到！欧宝体育携手英超劲旅阿斯顿维拉众球星和传奇球星祝您元宵节快乐，心想事成！",
      "Sponsored_Gala_Special2": "英超阿斯顿维拉足球俱乐部与欧宝体育合作百日盛典&正式发布会在英国伯明翰维拉公园球场盛大举行！",
      "Sponsored_Gala_Special3": "2021年6月22日，亚洲领先体育娱乐品牌欧宝体育正式签约成为阿斯顿维拉足球俱乐部的全球顶级合作伙伴及官方球衣袖标合作伙伴！",
      "Sponsored_Gala_Special4": "The Lantern Festival is here! OB Sports and its partner premier League powerhouse Aston Villa and some of the football stars wishing you Happy Lantern Festival and best wishes to all of you!",
      "Sports_Highlights": "精彩集锦",
      "Sports_Highlights1": "阿斯顿维拉足球俱乐部（绰号维拉人）是一家位于英格兰中部伯明翰市的足球俱乐部，于1874年创立，现时于英格兰足球超级联赛竞逐，是1888年甲组联赛及1992年英格兰足球超级联赛首届赛事球队，因此阿斯顿维拉也是英超之中历史最悠久的球队之一，其主场位于伯明翰市的维拉公园球场。",
      "Sports_Highlights2": "早年，阿斯顿维拉曾经七次赢得顶级联赛冠军和七次英格兰足总杯，更于1982年获得欧洲联赛冠军杯和欧洲超级杯冠军。",
      "Sponsor_Information": "赞助商信息",
      "Sponsor_Information1": "2021年6月22日, 欧宝体育成为阿斯顿维拉全球顶级合作伙伴及官方球衣袖标合作伙伴。欧宝体育的品牌标志将出现在维拉2021/22赛季的新球衣袖标上,并将在所有阿斯顿维拉主客场及一线队的比赛中展现。届时，在全球最受瞩目的英超联赛上，欧宝体育将携手阿斯顿维拉俱乐部为广大球迷和用户提供更好的赛事体验。不仅如此，双方的合作将覆盖全球诸多领域，包括比赛日的联合活动，全球范围的企业社会责任项目，以及其它贯穿维拉球迷和欧宝体育用户的合作",
      "Sponsor_Information2": "",
      "Sponsored_event_site": "赞助活动现场",
      "Sponsored_event_site1": "阿斯顿维拉知名球星摩根·桑松 (Morgan Sanson)，阿什利·扬 (Ashley Young), 马特·塔格特 (Matt Targett) 身着欧宝体育主场战服为欧宝体育品牌发言！",
      "Sponsored_event_site2": "英超劲旅阿斯顿维拉足球俱乐部与亚洲领先体育娱乐平台欧宝体育签约成功！",
      "Sponsored_event_site3": "阿斯顿维拉首席商务官Adam Lowe与欧宝集团国际业务总裁Kai Webb展示寓意美好的 '88' 号球衣。",
      "Sponsored_event_site4": "阿斯顿维拉首席商务官Adam Lowe与欧宝集团国际业务总裁Kai Webb在阿斯顿维拉球员更衣室合影。"
    },
    "JUVENTUS_FC": "JUVENTUS FC",
    "Official_Regional_Partner": "Official Regional Partner",
    "ASTON_VILLA_FC": "ASTON VILLA FC",
    "Official_Global_Top_Partner": "Official Global Top Partner",
    "": ""
  },
  "Back_to_top": "回到顶部",
  "total_balance": "中心钱包",
  "deposit": "存款",
  "withdraw": "提款",
  "rebate": "返水",
  "vip": "VIP",
  "official": "官方",
  "play_now": "立即去玩",
  "popular_sports": "热门体育",
  "SPECIAL": "入围奖",
  "CONSOLATION": "安慰奖",
  "select_bank": "选择银行",
  "banking_details": "银行存款资料",
  "Bank_Account_Name": "银行账户名字",
  "copy": "复制",
  "Bank_Account_Number": "银行账户号码",
  "Deposit_Amount": "存款金额",
  "Attention": "注意事项",
  "Attach_Receipt": "上传收据",
  "Choose_Region": "选择区域",
  "promotion-all": "全部",
  "promotion-sports": "体育",
  "promotion-live-casino": "真人娱乐",
  "promotion-e-sports": "电子竞技",
  "promotion-lottery": "彩票投注",
  "promotion-fishing": "捕鱼",
  "lean_more": "了解更多",
  "new": "最新",
  "limited": "限时",
  "more_info": "查看详情",
  "My_Wallet": "我的钱包",
  "Transaction_History": "交易记录",
  "Betting_Record": "投注记录",
  "Account_Setting": "账户设置",
  "history": "历史记录",
  "Total_Balance": "中心钱包",
  "Deposit": "存款",
  "Withdrawal": "取款",
  "Rebate": "返水",
  "Manage_Bank_Account": "银行账户管理",
  "Recent_Transaction": "最近记录",
  "Select_Promotion": "选择优惠",
  "Please_select_available_promotion": "请选择优惠",
  "Deposit_Summary": "存款详情",
  "Deposit_Method": "存款方式",
  "Amount": "金额",
  "Promotion": "优惠",
  "Bonus": "奖金",
  "Turnover": "投注倍数",
  "Turnover_Requirement": "总投注需求",
  "Select_Payment_Gateway_Method": "请选择支付网关",
  "Select_Bank": "请选择银行",
  "Main_Wallet": "中心钱包",
  "Game_Wallet": "游戏钱包",
  "Hide": "隐藏",
  "CANCEL": "取消",
  "REMOVE": "删除",
  "CONFIRM": "确认",
  "Wallet_Balance": "钱包余额",
  "Bank_Account": "银行账户",
  "Full_Name": "真实姓名",
  "Please_select_your_bank": "请选择您的银行",
  "Phone_Number": "手机号码",
  "Authentication_Number": "验证码",
  "SUBMIT": "提交",
  "Bank": "银行",
  "Add_bank_account": "添加银行账户",
  "DEPOSIT_NOW": "立即存款",
  "Last_7_Days": "近7天",
  "Transfer": "转账",
  "Today": "今天",
  "Last_15_Days": "近15天",
  "This_Month": "本月",
  "Custom": "自定义",
  "Start_Date": "开始日期",
  "End_Date": "结束日期",
  "All": "全部",
  "Settled": "已结算",
  "IGKBET_SPORTS": "IGKBET 体育",
  "CMD368_SPORTS": "CMD368 体育",
  "EVO_CLUB": "EVO 俱乐部",
  "PP_CLUB": "PP 俱乐部",
  "SEXY_CLUB": "SEXY 俱乐部",
  "DG_CLUB": "DG 俱乐部",
  "PP_SLOTS": "PP 老虎机",
  "QTECH_SLOTS": "QTECH 老虎机",
  "CQ_SLOTS": "CQ 老虎机",
  "TOKYO_KOMBAT": "东京战斗",
  "FISHING_GOD": "捕鱼天王",
  "VIRTUAL_SPORTS": "虚拟运动",
  "ESPORTS": "电子竞技",
  "TF_GAMING": "雷火电竞",
  "4D_LOTTERY": "4D 彩票",
  "Unsettlement": "未结算",
  "profile": {
    "Username": "用户名",
    "Name": "真实姓名",
    "Date_of_Birth": "出生日期",
    "Phone_Number": "手机号码",
    "Email_Address": "电子邮箱",
    "Profile_Picture": "个人头像",
    "Please_select_from_album": "从相册选取",
    "Request_Code": "获取验证码",
    "Verify_Email_Address": "电子邮箱验证",
    "Date_of_Birth_Placeholder": "添加日期，确保您已满18岁",
    "Email_address_Placeholder": "绑定邮箱保护账号安全",
    "Email_address_Placeholder1": "请输入邮箱账号",
    "Verify_Email_address_Placeholder": "请输入邮箱验证码",
    "description1": "为了您的隐私安全，信息在确认后将无法修改",
    "description2": "如需帮忙，请<a href=''#'>联系客服</a>"
  },
  "vip_page": {
    "VIP_Privilege": "VIP 特权",
    "VIP_info": "VIP 详情",
    "Current": "当前",
    "VIP_0": "VIP 0",
    "VIP_0_sub_title": "您需要500存款和3,000流水 <br/>升级至VIP 1",
    "VIP_0_description_1": "提示: 90天保级流水要求更新于 2022-03-07    00:00:00",
    "VIP_0_description_2": "您需要500存款和3,000流水升级至VIP 1",
    "VIP_1": "VIP 1",
    "VIP_1_sub_title": "您需要2,000存款和12,000流水 <br/>升级至VIP 2",
    "VIP_2": "VIP 2",
    "VIP_2_sub_title": "您需要10,00存款和60,000流水 <br/>升级至VIP 3",
    "VIP_3": "VIP 3",
    "VIP_3_sub_title": "您需要50,000存款和300,000流水 <br/>升级至VIP 4",
    "VIP_4": "VIP 4",
    "VIP_4_sub_title": "您需要200,000存款和1,200,000流水 <br/>升级至VIP 5",
    "VIP_5": "VIP 5",
    "VIP_5_sub_title": "您需要500,000存款和3,000,000流水 <br/>升级至VIP 6",
    "VIP_6": "VIP 6",
    "VIP_6_sub_title": "您需要1,200,000存款和7,200,000流水 <br/>升级至VIP 7",
    "VIP_7": "VIP 7",
    "VIP_7_sub_title": "您需要3,000,000存款和18,000,000流水 <br/>升级至VIP 8",
    "VIP_8": "VIP 8",
    "VIP_8_sub_title": "您需要10,000,000存款和60,000,000流水 <br/>升级至VIP 9",
    "VIP_9": "VIP 9",
    "VIP_9_sub_title": "您需要30,000,000存款和180,000,000流水 <br/>升级至VIP 10",
    "VIP_10": "VIP 10",
    "VIP_10_sub_title": "您已到达最高等级",
    "My_Privilege": "享有的特权",
    "Daily_withdrawal_service_limit": "日提款次数",
    "Tier_upgrade_bonus": "升级礼金",
    "Birthday_bonus": "生日礼金",
    "Weekly_angpow": "每周红包",
    "My_VIP_Details": "VIP 详情",
    "Sports_Events": "体育赛事",
    "Live_Casino": "真人娱乐",
    "Slot_Machines": "老虎机",
    "Fishing_Game": "捕鱼",
    "E_Sports": "电子竞技",
    "Lottery_Game": "彩票投注",
    "vip1": "vip1",
    "vip2": "vip2",
    "vip3": "vip3",
    "vip4": "vip4",
    "vip5": "vip5",
    "vip6": "vip6",
    "vip7": "vip7",
    "vip8": "vip8",
    "vip9": "vip9",
    "vip10": "vip10",
    "Accumulated_Deposit": "累计存款",
    "Turnover_Requirement": "流水要求",
    "Maintenance_Turnover_Requirement": "保级流水要求",
    "Tier_Upgrade_Bonus": "升级礼金:",
    "Upgrade_redeem_manually": "(升级手动领取)",
    "Weekly_Angpow": "每周红包:",
    "Issued_on_Monday": "周一发放",
    "Birthday_Bonus": "生日礼金:",
    "Redeem_on": "兑换与20日10月2022年",
    "VIP_Cash_Rebate": "VIP 返水比例",
    "VIP_Cash_Rebate1": "VIP 最高返水比例",
    "VIP_Withdrawal_Limit": "VIP 提款额度",
    "VIP_Withdrawal_Limit1": "VIP 提款额度",
    "VIP_Weekly_Angpow": "VIP 每周红包",
    "VIP_Weekly_Angpow1": "VIP 每周红包",
    "VIP_Level": "VIP 等级",
    "Sports_Events1": "体育赛事",
    "Live_Casino1": "真人娱乐",
    "Slot_Machines1": "老虎机",
    "Fishing_Game1": "捕鱼",
    "E_Sports1": "电子竞技",
    "Lottery_Game1": "彩票投注",
    "Daily_Withdrawal_Limit": "日提款次数",
    "Daily_Withdrawal_Amount": "日提款额度",
    "Weekly_turnover_requirement": "每周流水要求",
    "VIP_Weekly_Angpow_Bonus": "VIP 每周红包",
    "Turnover": "流水",
    "VIP_Terms": "活动规则",
    "terms": {
      "title1": "晋级标准",
      "description1": "会员的累计存款以及累计流水达到相应级别的要求，即可在次日24点前晋级相应VIP等级。",
      "title2": "晋级顺序",
      "description2": "VIP等级达到相应的要求即可越级晋升，会员能在一天内从VIP 0升级到VIP 5只要达到相应的要求即可",
      "title3": "保级要求",
      "description3": "会员在达到某VIP等级后，90天内投注需要完成保级流水要求。如果在此期间完成晋升，保级要求重新按照当前等级计算。",
      "title4": "降级标准",
      "description4": "如果会员在一个季度（90天计算）内没有完成相应的保级要求流水，系统会自动降级一个等级，相应的返水及其它优惠也会随之调整至降级后的等级。",
      "title5": "升级礼金",
      "description5": "升级礼金在会员达到该会员级别后可在个人中心内的福利中心页面进行手动领取，每个级别的升级礼金每位会员仅能获得1次。（升级礼金1倍流水即可提款）",
      "title6": "生日礼金",
      "description6": "会员在注册三个月内过生日，今年将不能领取生日礼金。另注册时间大于三个月的会员需在生日当天的VIP页面进行自助领取，每年可领取一次。（生日礼金1倍流水即可提款）。",
      "title7": "每周红包",
      "description7": "会员在上一周（周一0点至周日23点59分59秒）达到会员VIP等级（以周日23:59的VIP等级为准）对应的有效投注要求，即可在每周一的13点后领取每周红包，请向客服人员领取红包礼金。各等级红包金额和领取要求详见“VIP详情-每周红包规则表”。（每周红包6倍流水即可提款）",
      "title8": "VIP 返水",
      "description8": "VIP返水优惠发放金额根据会员当天北京时间00:00—23:59之间的有效投注进行计算，当天所有的投注额返水将在注单结算当天结束后24小时内发放到福利中心，进入个人中心点击福利中心进行手动领取。 （VIP返水无需流水要求即可提款）。.",
      "description": "欧宝娱乐保留对活动的修改，停止及最终解释权。"
    }
  },
  "ACCOUNT SECURITY": "账户设置",
  "account_setting_page": {
    "info": "完善账户信息，更安全",
    "Complete_Profile": "完善个人资料",
    "Complete_Profile_description": "资料更完整，我们的服务更周到",
    "Email_Address": "绑定邮箱",
    "Email_Address_description": "绑定邮箱，用于接收账户相关信息服务",
    "Add_Bank_Account": "添加银行账户",
    "Add_Bank_Account_description": "添加银行账户以便享有更快速的提款服务",
    "Manage_Password": "登入密码管理",
    "Manage_Password_description": "定期修改登入密码，有利账户安全"
  },
  "Current_Password": "原密码",
  "Please_enter_current_password": "请输入原始密码",
  "New_Password": "新密码",
  "Please_enter_your_new_password": "请输入新密码",
  "Re_enter_New_Password": "确认新密码",
  "Please_re_enter_your_new_password": "请再次输入新密码",
  "LOGIN_NOW": "马上登入",
  "manage_password_success_modal_content": "您的账户密码已成功更新，请重新登入账户",
  "campaign_bonanza_page": {
    "First_Deposit_Bonus": "首存礼金",
    "First_Deposit_Bonus1": "首存豪礼",
    "First_Deposit_Bonus_sub": "首存 1,000起即享<br/>最高 MYR 18,888",
    "LEARN_MORE": "了解更多",
    "Monthly_Turnover_Bonus": "投注礼金",
    "Monthly_Turnover_Bonus1": "投注豪礼",
    "Monthly_Turnover_Bonus_sub": "投注 50,000起每月可享<br/>最高MYR 176,664 ",
    "First_deposit_amount": "首存金额",
    "Mega_Bonus": "终极豪礼",
    "Required_deposit_amount": "需首存金额",
    "REDEEM_NOW": "立即兑换",
    "terms": {
      "title": "活动规则",
      "1": "本活动欧宝全员即可参与。",
      "2": "首存礼金：活动仅支持首次存款成功的账号，48小时内累计的首存总金额满足活动要求，即可获得对应奖金。此奖金不能与任何其他奖金一起使用。",
      "3": "一个账号只能领取一次首存豪礼，礼金有效兑换期为30天，礼金有效期内没有领取视为主动放弃礼金;　",
      "4": "礼金领取方式：会员在满足对应的条件后即可在活动页面点击“立即兑换”自助领取礼金，相关工作人员会按照申请顺序进行审核，礼金的审核状态可在“兑奖记录”中进行查看，审核通过后欧宝娱乐会依次发放礼金，礼金将在24小时内派发至用户的中心钱包；",
      "5": "提款要求：首存礼金需6倍流水提款；比例，会员首存 MYR 1,000 领取 88 首存礼金，流水要求则为 88*6 = MYR528。",
      "6": "每位有效玩家、每一手机号码、电子邮箱、相同银行卡、每一个IP地址、每一台电脑使用者只能享受一次优惠，如发现有违规者我们将保留无限期审核扣回礼品及所产生的利润权利；",
      "7": "此为避免文字理解差异，欧宝娱乐保留本活动最终解释权。",
      "1_1": "每个自然月期间内，根据会员在体育场馆（IGK BET 和 CMD368）与 欧宝电竞场馆（TF GAMING 和 CMD368）中的任意一个场馆所产生的月累计有效投注额，达到档位都可申领对应投注礼金，且可以申请两次; 比例，会员在体育赛事及电子竞技各达到有效流水金额MYR 25,000,000，会员即可兑换两次 58,888投注豪礼, 1个月可享最高58,888*2 = MYR 117,776",
      "2_1": "礼金领取方式：会员在满足对应的条件后即可在活动页面点击“立即兑换”自助领取礼金，相关工作人员会按照申请顺序进行审核，礼金的审核状态可在“兑奖记录”中进行查看，审核通过后欧宝娱乐会依次发放礼金，礼金将在24小时内派发至用户的中心钱包；",
      "3_1": "提款要求：投注礼金需6倍流水提款；比例，会员达到有效流水金额 MYR 50,000 并对换 MYR 118 奖金, MYR118 需达六倍流水 (MYR118 x 6 = MYR708) 即可提款。",
      "4_1": "赌注投注量不包含：和局，两边投注，取消注单，任何投注低于0.50和1.50（小数赔率），3张公，21点，扑克游戏，数字游戏,ALLBET赌厅和4D彩票。否则，如果我们在任何时候发现违反此条款，所有获奖/奖金将被没收，并由我们全权决定。",
      "5_1": "每位有效玩家、每1手机号码、电子邮箱、相同银行卡、每1个IP地址、每1台电脑使用者在活动期间每场赛事仅可享受1次优惠，如会员使用一切不正常投注、套利等违规行为，我们将保留无限期审核扣回礼金及所产生的利润权利；",
      "6_1": "如会员使用一切不正常投注、套利行为，本公司将保留冻结账号盈利及余额等权利；",
      "7_1": "为避免文字理解差异，欧宝娱乐保留本活动最终解释权。"
    },
    "Real_bet_amount": "有效投注金额",
    "Sports": "体育",
    "E-Sports": "电竞"
  },
  "CAMPAIGN BONANZA": "豪礼赠送",
  "FIRST DEPOSIT BONUS": "首存礼金",
  "INVITE YOUR FRIEND NOW": "呼朋唤友彩金齐齐赚",
  "referral_program": {
    "3_simple_steps_to_get_rewarded": "简单三步 立享奖励",
    "step1": "分享欧宝娱乐<br/> 给您的朋友<br/> 及家人",
    "step2": "朋友家人注册<br/> 并存款",
    "step3": "联系客服人员<br/> 领取奖励",
    "Referee_First_Deposit": "好友首存金额",
    "Referral_Bonus": "推荐人奖励",
    "note": "*礼金满足3倍流水后即可提款",
    "term": "活动规则",
    "term1": "您的推荐人完成首次存款要求后，奖励将立即存入您的账户。",
    "term2": "本活动所获推荐奖励仅需3倍流水即可提款。",
    "term3": "您可以推荐的朋友数量没有限制，但我们保留随时调整或更改推荐活动规则的权利",
    "term4": "每位有效玩家，每一手机号码，电子邮箱，相同银行户口，每一个IP地址，每一台电脑使用者可享受一次优惠。",
    "term5": "欧宝娱乐将检查重复或虚假账户，并且不会对这些账户支付推荐奖金。重复或共享财务将导致取消资格",
    "term6": "此奖金不能与任何其他奖金优惠同时使用",
    "term7": "赌注投注量不包含：和局，两边投注，取消注单，任何投注低于0.50和1.50（小数赔率），3张公，21点，扑克游戏和4D彩票。"
  },
  "help_page": {
    "HELP_CENTER": "帮助中心",
    "hi": "Hi, 尊敬的会员用户",
    "welcome": "欢迎来到帮助中心",
    "problem": "若相关问题仍未解决，可咨询在线客服",
    "User_Guide": "新手帮助",
    "Game_Guide": "游戏问题",
    "Contact_Us": "联系我们",
    "Need_assitance": "没有找到解决办法？请联系<a href='#'>人工客服</a>解决",
    "NEW_USER_GUIDE": "新手帮助",
    "GAME_GUIDE": "游戏问题",
    "Lottery_Guide": "彩票问题",
    "Sport_Guide": "体育问题",
    "Live_Casino_Guide": "真人问题",
    "E_sport_Guide": "电子竞技",
    "Register": "开户",
    "Deposit": "存款",
    "Withdrawal": "提款",
    "Promotion": "优惠规则",
    "Browser_Guide": "游览器格式",
    "Sport_Betting_Guide": "体育投注教程",
    "Anti_Hijacking_Guide": "防劫持教程",
    "register_page": {
      "1": "1. 怎么注册账号",
      "des1": "点击网站右上角“注册”的功能键<ul><li>请注意用户名由4-11位字母+数字组成（首位不可为数字，至少2个字母）；密码长度至少为8-12个字符（A-Z,a-z,0-9）字母+数字的组合，并请将密码严格保密；</li><li>注册前请确保您已满18周岁并已阅读过我们规则与条款。</li></ul>",
      "2": "2. 忘记用户名怎么办",
      "des2": "忘记会员账户名您可以及时联系我们的<a href='#'>在线客服</a> ，7x24小时为您提供必要的协助。",
      "3": "3. 忘记密码怎么办",
      "des3": "在登录页面点击“忘记密码”按键。填写账户名，身份验证，设置新密码，完成。",
      "4": "4. 如何更改个人资料信息",
      "des4": "客户成功注册后，可以在个人中心基本资料里面修改个人资料。有何疑问可以点击咨询<a href='#'>在线客服</a>。",
      "5": "5. 允许我在欧宝投注吗？",
      "des5": "在浏览和体验本站前，请确保您已年满18岁并同意我们的规则与条款。不同的国家有不同的监管条例，投注前请遵循当地法规与法律；若因上述原因造成的任何损失，欧宝官方概不负责。"
    },
    "deposit_page": {
      "1": "1. 网上银行存款",
      "des1": "<ul><li>选择您要转帐的银行。</li><li>指定的银行账户信息将显示，您可以复制并粘贴显示的银行帐号以便您在进行在线转账时使用。</li><li>输入您要存入的金额或直接点击下方的“快速金额”按钮。</li><li>存款完成后附上您的银行收据。</li><li>如果您想领取任何优惠，请在优惠选项中选择即可，记得查询优惠活动规则。</li><li>点击提交。</li></ul>",
      "2": "2. 支付网关存款",
      "des2": "<ul><li>选择您要使用的支付网关。</li><li>选择您的银行。</li><li>输入您要存入的金额或直接点击下方的“快速金额”按钮。</li><li>如果您想领取任何优惠，请在优惠选项中选择即可，记得查询优惠活动规则。</li><li>点击提交。</li></ul>",
      "3": "3. 加密货币存款",
      "des3": "<ul><li>选择您要存入的加密货币。</li><li>选择您要使用的协议。</li><li>保存显示的二维码或复制加密货币存款的钱包地址以便存币使用。</li><li>当您完成存款后，点击完成转账。</li><li>如果您想领取优惠，请联系我们客服人员。</li></ul>"
    },
    "promotion_page": {
      "1": "1. 优惠活动如何申请",
      "des1": "登录账号后点击优惠活动页面，选择相应的优惠活动。",
      "2": "2. 优惠何时发放",
      "des2": "优惠会在申请成功后系统自动发放，您可以在完成所需流水要求后提款。了解更多优惠详情，请联系客服人员。",
      "3": "3. 优惠申请成功后一直没有收到红利或礼品怎么办？",
      "des3": "如果您的优惠申请成功后没有在指定时间收到礼品。请您可以随时联系<a href='#'>在线客服</a>。 "
    },
    "Browser_Guide_page": {
      "1": "1. 选择什么样的浏览器才能获得欧宝最佳的投注体验",
      "des1": "<ul style='list-style: disc;'><li>IE11或以上版本</li><li>谷歌Chrome</li><li>火狐Firefox</li></ul>I如果您使用的是手持移动设备，我们强烈建议您通过手机自带浏览器进行访问。如果您使用的并非以上浏览器且在访问欧宝遇到问题，我们建议您点击以上链接安装最新版本的浏览器。如果还由于浏览器访问出现问题，请您联系我们7*24在线客服获取帮助。",
      "2": "2. 为什么使用版本较低的浏览器会导致投注体验下降和账号不安全",
      "des2": "首先，IE6或其他低版本浏览器效率极低，很多比较新颖和动画效果都无法实现加载，导致用户阅读和游戏时效果极差；其次，低版本浏览器安全性较低，黑客很容易利用其进行病毒或木马植入，从而导致你的投注体验和资金受到极大威胁。因此，我们强烈建议您将浏览器升级到最新版本，以此来获得欧宝带来最好的游戏体验和优质服务。",
      "3": "3. 我是否需要任何程式或浏览器插件来运行网站",
      "des3": "我们网站是不需要通过额外插件进行浏览。不过，一些互动的信息和帮助，例如我们的娱乐场和真人荷官可能需要Flash 播放器才能正常显示。点击这里安装Flash播放器 插件：浏览器插件是一个添加在浏览器中具有特定功能或服务的软件。一些常见的插件有Java、Flash播放器、Adobe Acrobat、QuickTime和Microsoft Silverlight。"
    },
    "Anti_Hijacking_Guide_page": {
      "1": "1. 安卓端防劫持教程",
      "des1": "<ul><li>连接的WiFi名称长按</li><li>修改网络配置</li><li>显示高级选项</li><li>IP设定改为静止</li><li>DNS1改为8.8.8.8</li><li>DNS2改为8.8.4.4</li></ul>",
      "2": "2. 苹果端防劫持教程",
      "des2": "<ul><li>连接的wifi名称旁点击ⓘ</li><li>连接的wifi名称旁点击ⓘ</li><li>DNS1改为8.8.8.8</li><li>DNS2改为8.8.4.4</li></ul>"
    },
    "Withdrawal_page": {
      "1": "1. 如何提款",
      "des1": "A. 普通取款<ul><li>登录欧宝账号——提款</li><li>取款通常您的提款只需3-15分钟即可到账，若超过30分钟仍未到账，请联系在线客服核查；</li><li>第一次提款请先添加银行账户，添加银行账户步骤：登录欧宝账号——提款——添加银行账户；</li><li>添加完成后在提款处申请提款。</li></ul>",
      "des11": "B. USDT提款<ul><li>请先绑定提款地址，绑定步骤：提款——添加虚拟币地址。（或：取款——USDT取款——添加虚拟币地址）</li><li>选择要提款的虚拟币地址，留意界面提示是否支持该地址取款。</li><li>核对页面提示的预计到账金额无误后，点击【立即取款】。</li></ul>",
      "des12": "C. 添加虚拟币地址需要注意：<ul><li>虚拟币协议与虚拟币地址相对应，否则会导致无法到账。</li><li>虚拟币地址需要填写正确，请仔细核对，否则会导致无法到账。</li></ul>",
      "2": "2. 提款交易所注意事项",
      "des2": "<ul><li>冷钱包不涉及法币交易，USDT存放在公链中，资金安全，不受交易所或钱包所在公司的影响。</li><li>不要直接提款至“火币”、“okex”等交易所， 建议先提款至“i'm token”, “币汇”等冷钱包。</li><li>需要用款时，可从冷钱包提币至交易所，在交易所进行法币交易，暂时不用的USDT，则可继续存放在冷钱包中。</li><li>冷钱包不要开通法币交易，一旦开通，就失去了冷钱包的功能，变成了交易所。</li><li>从冷钱包提币至交易所，会产生公链的矿工费（手续费）。<br/>imToken官网：https://token.im/<br/>币汇官网：https://www.coinhui.cc/</li></ul>",
      "3": "3. 提款常见问题",
      "des3": "1. 提款密码忘记了怎么办？<span>如忘记提款密码，请及时联系在线客服团队寻求协助。</span>2. 可以使用别人的银行卡进行提款吗？<span>- 为了确保客户的账户资金安全，提款需要使用游戏账号本人的银行账号才可以进行提款哦，且提款银账号姓名必须与注册姓名一致。</span>",
      "4": "4. 申请提款需要注意些什么？",
      "des4": "<ul><li>提款绑定的银行账号姓名需与游戏账户的注册姓名一致；</li><li>提款绑定的银行账号信息需要正确；</li><li> 若您未申请任何红利优惠，投注满一倍流水即可申请提款；</li><li>若申请首存红利，则需要满足优惠活动写明的有效投注额要求；</li><li>全天24小时都可进行提款申请。</li></ul>",
      "5": "5. 可以绑定多个银行账号吗？",
      "des5": "会员账户可以绑定最多十个银行账号进行提款操作，在账户中心选择“银行账号管理”，进行新增添加即可。",
      "6": "6. 提款为什么还需要审核？",
      "des6": "提款审核是相关部门在给您办理出款之前的一个简单的核实步骤，是为了确保客户资金安全，所以需要核实相关信息。"
    },
    "Sport_Betting_Guide_page": {
      "1": "1. 投注",
      "des1": "在网站首页选择【IGKBET 体育】或【CMD368 体育】进入投注界面。根据比赛时间，投注界面可以分为【滚球】、【今日】、【早盘】三种，可以将不同的赛事组合为串关，以小博大。<div>a)【滚球】</div><span>投注正在进行的比赛，玩家可以边看比赛边下注。</span>",
      "des11": "b) 【今日】<span>投注今日所有赛事，中午12:00到次日12:00为一个比赛日。</span>",
      "des12": "c) 【早盘】<span>投注未来几天即将开始的赛事。</span>",
      "2": "2. 欧宝盘口玩法介绍",
      "des2": "a) 【独赢】<span>顾名思义，可直接下注比赛的胜负平。玩家可选【全场】或【上半场】比赛进行下注。</span>",
      "des21": "b) 【让球】<span>在现有比分基础上让球或受让，下注前已获得的进球将不被计算，下注时的比分将视为0-0. 如标注有“上半场”字样，则以半场赛果来结算，没有标注则默认为全场，以全场赛果来结算</span>",
      "des22": "c) 【大小球】<span>投注两队总进球数的大小，总进球数比盘口大即大球，比盘口小即小球，刚好等于盘口退本金。如图：</span>"
    },
    "Lottery_Guide_page": {
      "1": "1. 如何参与4D 彩票游戏",
      "des1": "<ul><li>4D彩票游戏的玩法简单，只需要在 0000 到 9999 数字中，选择四位数的喜爱或幸运数字。</li><li>然后，决定投注种类，例如 \"ABC\" （大）或 \"A\"（小）；或同时下注大小两种。</li><li>\"ABC\"（大）增加您中奖的机会，共有23组中奖号码，也就是首奖、二奖、三奖，10个入围奖和10个安慰奖。</li><li>\"A\"（小）让您赢取更多奖金，但只适用于3组中奖号码，也就是首奖，二奖和三奖。</li><li>最后，决定每组号码的下注金额。1+3D游戏的最低下注金额是 1令吉。</li><li>高达7投注公司任君选择投注，以增加您中奖的机会！(万能，大马彩，多多，新加坡，山大跟，沙巴，砂劳越）</li></ul>",
      "2": "2. 包字投注",
      "des2": "<ul><li>包字 (BOX) 玩法网罗您所下注四位喜爱数字的全部排列组合。例如，您的包字号码是1919，那么，其他6组数字排列都在下注范围内；这6组数字是1919，9191，1991，9119，1199，9911。6组四位数字排列的最低下注额是 6 令吉。</li><li>数字排列的数目，取决于所投注的四位数字类别，如以下所示。</li></ul>",
      "3": "3. 全保投注",
      "des3": "<ul><li>全保 (iBOX) 玩法网罗您所下注四位喜爱数字的全部排列组合，最低下注额1令吉。这个玩法实惠兼有趣，能增加您赢取1+3D号码的机会。例如，如果您的全保下注号码是1919（或I1919，I表示iBOX），您的下注数字的范围包括6个组数字排列，即1919，9191，1991，9119，1199，9911。</li><li>数字排列的数目，取决于所投注的四位数字类别，如以下所示。</li></ul>"
    },
    "Sport_Guide_page": {
      "1": "1. 足球的结算以什么时间为准",
      "des1": "<ul><li>所有足球投注的结算皆以球赛所规定的完场时间90分钟为准，完场时间90分钟包括球员伤停补时。加时赛、点球大战，以及赛事后如果裁判或相关管理机构更改任何赛果则不计算在内；</li><li>对于某些以全场完场时间为80分钟（2x40分钟）的特定赛事或者友谊赛，所有投注的结算皆以完场时间为准；</li><li>若少年赛、友谊赛的完场时间为70分钟（2x35分钟）或更少，本公司将在开赛前做出公布，否则该场赛事的注单一律作废。</li></ul>",
      "2": "2. 赛事中断怎么办",
      "des2": "<span>如果赛事中断或延迟，并且没有在36小时内重新开始，所有该场赛事的投注即被视为无效且取消，除非在个别投注类型规则里另有指定注明。</span>",
      "3": "3. 多久可以结算",
      "des3": "1. 单注派彩 <span>- 正常情况下，单场赛事投注会在赛事结束后15到30分钟内完成确认赛果并返彩，一些赛事可能需要更长时间处理（比如腰斩，赛事中断等情况)。</span>2. 上半场派彩<span>- 正常情况下，上半场投注会在赛事上半场结束后30分钟内完成确认赛果并返彩，一些赛事可能需要更长时间处理（比如腰斩，赛事中断等情况)。</span>3. 连串过关派彩<span>- 正常情况下，连串过关将会在您该注单最后一场连串过关赛事结束2小时内，官方公布结果后进行派彩，一些赛事可能需要更长时间处理（比如腰斩，赛事中断等情况)。</span>",
      "4": "4. 危险球的定义",
      "des4": "1. 会员在投注滚球时，如果赛场中出现以下几种情况，会员的投注将会维持在‘危险球-待确认’的状态。危险球的定义有:<span>- 12码罚球；</span><span>- 自由球(攻方在守方禁区附近的自由球)；</span><span>- 角球/掷入球(攻方靠近守方禁区的掷入球)；</span><span>- A队向B队禁区附近进攻(或是B队在A队的禁区附近进攻)；</span>2. 在以下的状况，会员所下注注单将会被取消，而会员所下注的金额将会全数退回：<span>- 进球；</span><span>- 红卡；</span>3. 在以下这几种状况将会释放危险球，而会员在危险球下注的注单都会以当时下注的盘口、赔率和金额为准；<span>- 门将开球；</span><span>- 皮球重新去到中场线；</span><span>- 己方球员在自己的后场抢回控球权；</span><span>- 攻防转换，原来的防守一方在自己後场开出自由球。</span>",
      "5": "5. 体育赛事中断",
      "des5": "<ul><li>如果比赛或赛事取消，中断或延迟并且没有在官方指定开球时间的36小时内重新开始，所有该场赛事的投注即被视为无效且取消，除非在个别体育规则里另有指定注明。某些无条件终止的盘口将会相应地结算。单独的体育规则中对此类盘口的结算程序做了说明。公司取消该赛事所有注单的结果被视为最终决定，无需参考官方赛事裁判或相关部门的决定。连串投注将会继续按照注单剩余赛事的赛果结算，该取消赛事的赔率将会按照1计算；</li><li>如果赛事中断前已有明确结果并且之后没有任何显著会影响赛事结果的情况，大/小盘注单才会被结算。</li></ul>",
      "6": "6. 主要投注盘口类型",
      "des6": "1. 1x2（独赢盘）<span>- 盘口提供两支球队和平局为投注选项，预测哪一支球队将在90分钟比赛胜出或赛事和局；</span>2. 让球盘<span>- 根据盘口让球信息预测最终获得胜利的球队；</span><span>- 投注的结算皆以球赛所规定的完场时间90分钟为准；</span><span>- 如果赛事在90分钟结束前取消或中断，那已有明确结果并且之后没有任何显著会影响赛事结果的注单将会结算，其他所有注单将会被视为无效；</span>3. 足球滚球让球盘<span>- 根据盘口让球信息预测，从投注当时到赛事结束最终获得胜利的球队；</span><span>- 投注的结算皆以球赛所规定的完场时间90分钟为准；</span><span>- 如果赛事在90分钟结束前取消或中断，那已有明确结果并且之后没有任何显著会影响赛事结果的注单将会结算，其他所有注单将会被视为无效；</span>4. 大小<span>- 预测赛事总入球数将大于或小于在盘口指定的大/小盘球数；</span><span>- 如果赛事的总入球数多于盘口的大/小盘球数，则为大盘。如果少于盘口的大/小盘球数，则为小盘；</span><span>- 所有注单将按盘口开出的大/小盘球数在玩法的时节结束后结算；</span>5. 单双<span>- 预测90分钟内，赛事总入球对单或双；</span><span>- 若最终比分为：0-0，将会按照“双”来计算；</span><span>- B波胆：预测一场特定赛事中相关时间段的准确比分。\"任何其他比分\"是指任何的比分，而不是一个市场选项列表中已存在的类型；</span>6. 净胜值<span>- 净胜值是指一个用数字价值来区分赛事获胜者和其他参与者比分或进球的差值，例如：比分或进球差值越大，净胜值就越高。如果赛事结局是平局，将会根据平分或“0-0”进行结算；</span><span>7. 半场/全场</span><span>- 预测赛事的半/全场结果；</span>8. 双重机会<span>在三种可能出现的赛果中选择两种进行投注，主场赢或打平（1和X）,客场赢或打平（2和X）或主场或客场赢（1和2），共有三种选择:1X,X2,12；如果比赛在中立场进行列在盘面的上方球队则被视为主队；</span><span>\"1\"代表:主场赢；</span><span>\"X\"代表:平手；</span><span>\"2\"代表:客场赢；</span>9. 胜负平让球盘<span>这是一个类似于标准让球盘的盘口，不同的是它包括平局的投注类型；</span><ul><li>让球（-1）-如果您的球队以2个或更多净胜球赢得比赛，您就获胜；</li><li>平局：如果球队在让1球（-1）的情况下以1球赢得比赛，您就获胜；</li><li>让球（+1）如果您的球队是平局或赢得比赛，您就获胜；</li></ul>10. 总进球数<span>- 预测全场两队的总入球数；</span><span>全场总入球数注单结算是根据全场“90分钟”为准。</span>",
      "7": "7. 什么是并列名次（冠军）规则",
      "des7": "<span>并列名次规则适用于所有多个获胜者或冠军的市场（以市场显示信息为准），例如一场赛事的盘口产生2名或者以上的获胜者，那么赢利金额将减少。计算方法是将本金除以获胜者人数，然后乘以原赔率。这部分本金及赢利将返还给会员，剩余的本金将输掉。</span>",
      "8": "8. 连串投注是指什么?",
      "des8": "<span>连串过关（Parlay）：采用欧洲赔率【包含本金】--选择二个或更多的赛事在一个单一的注单中，每一个选择连串投注的赛事必须获胜此连串的注单才视为赢，只要其中有一场赛事输，注单为输。</span>",
      "9": "9. 复式连串投注是指什么?",
      "des9": "<span>复式连串过关，是指将多场赛事串做多个单式连串过关，至少3场最多8场。复式连串过关可以容错，如果有一场比赛赛果为输，那么所有包含该比赛的单式连串全部算输扣除本金，其它单式连串继续计算输赢。</span>"
    },
    "Live_Casino_Guide_page": {
      "1": "1. 百家乐介绍",
      "des1": "<span>百家乐是一种简单的纸牌游戏，庄闲各首发两张手牌。双方最多三张牌，玩家可押注于【庄】或【闲】，点数最接近9点的一方即获胜，也可押注【和】局（即庄家和闲家的牌总点数相同）。</span>",
      "2": "2. 百家乐牌面",
      "des2": "<span>公仔牌（J、Q、K）和10计算为0点，A是1点，其他牌按面值计算点数，每手牌的点值按照牌面总和的最后一位数字计算，比如，一手牌为K、9、9，点值为8（0+9+9=18）。</span>",
      "3": "3. 投注类型及赔付",
      "des3": "<ul><li>庄家赢: 1赔0.95</li><li>闲家赢: 1赔1</li><li>和局: 1赔8</li></ul>",
      "4": "4. 百家乐第三张牌规则",
      "des4": "<span>百家乐的第三张牌规则是用来决定庄家和闲家什么时候补第三张牌，规则如下：</span>",
      "5": "5. 什么是轮盘",
      "des5": "<span>轮盘游戏是由一个小球在轮盘上面旋转，共有37个数字小方格，从0至36。在投注时间结束后，小球会停在其中一个小方格内。轮盘的目的是预测小球会停留在哪一个小方格，猜对了您就赢了。</span>",
      "6": "6. 什么是骰宝",
      "des6": "<span>这个游戏是将三颗骰子置于骰盅里。当所有投注确定之后，由荷官摇动骰盅。玩家需要做的是预测这个游戏的结果。这个游戏有许多不同的投注类型，最大投注类型的赔率为1:180。</span>",
      "7": "7. 什么是21点",
      "des7": "<ul><li>黑杰克，又称为二十一点，是世界上最受欢迎的一种桌面游戏。黑杰克是一个庄家和玩家共同参与竞技的纸牌游戏，是指玩家和庄家对比点数，而玩家和其他玩家将不会做任何的对比；</li><li>黑杰克使用除大小王之外的52张牌（一副或更多副）。游戏的目标是使用手中的牌点数之和不超过21点且尽量最大；</li><li>黑杰克前身就是二十一点，游戏的起源地并没有统一说法。起初二十一点在美国并不流行，因此赌场试着提供各种额外的奖金吸引玩家参与牌局。其中之一的额外奖金是当玩家手中同时拥有黑桃A和黑色J（黑桃J或梅花J都可以）时，奖金将会变成10倍。这样的牌被称为“黑杰克”，而这个名字就渐渐称为二十一点游戏的名称，即使后来这项额外奖金规则停止，“黑杰克”名称还是继续存在。规则发展到今日，黑杰克指的是任何一个A加上一个十或者公仔牌组成的组合。</li></ul>",
      "8": "8. 在轮盘中，当出现的结果是0是怎么计算",
      "des8": "<span>0不是黑色红色、大小，也不是单双；一旦结果出现0，所有的投注都为输，只有投注在0或包括0才为赢。</span>",
      "9": "9. 骰宝中游戏结果出现围骰怎么计算",
      "des9": "<span>当游戏结果出现围骰，投注（大／小 ）或（单／双）项目均作为输计算。</span>",
      "10": "10. 视讯百家乐游戏会用多少副牌",
      "des10": "<span>视讯百家乐都是由8副牌组成的。</span>"
    },
    "E_sport_Guide_page": {
      "1": "1. 赛事没有完成怎么办",
      "des1": "<span>如果比赛没有完成（例如：队员退赛、取消资格或游戏服务器的问题）所有该赛事的投注将被视为无效。</span>",
      "2": "2. 队伍/选手名字出现错误怎么办",
      "des2": "<span>如果填写运动队/选手名字时出现拼写错误，所有投注仍会有效。</span>",
      "3": "3. 并非使用本队人员进行比赛怎么办",
      "des3": "<span>如一个队伍或者两个队伍有较少队员进行比赛，所有的投注视为有效。</span>",
      "4": "4. 赛事提前开赛怎么办",
      "des4": "<span>如赛事在原定比赛前提前开始，在赛事开始后的所有注单视为无效。</span>",
      "5": "5. 投注类型",
      "des5": "1. 独赢盘<span>- 预测谁将会赢得这场比赛，任何形式的加时或补时将予以计算在内；</span>2. 让分盘<span>- 电子竞技比赛的让分可以是轮/赛局或根据比赛不同选择其他的计量方式；</span><span>例如：如果选手A赢比赛两赛局或以上，则投注选手A的玩家胜出，投注选手B的玩家落败。如果选手A只多赢了一局或选手B获胜，则投注选手B的玩家胜出，投注选手A的玩家落败。</span>3. 大/小盘<span>- 预测在比赛中的总地图数/回合数是否大于或小于盘口数，任何形式的额外时间或加时赛均计算在内。</span>",
      "6": "6. 特别投注类型",
      "des6": "1. T第一座防御塔<span>- 第一个被毁掉一座防御塔的队伍在该投注中落败；</span>2. 第一滴血 <span>- 宣布在游戏中获得“第一滴血”的队伍是该项投注中的胜出者；</span>3. 第一个获得10杀<span>- 在游戏中的计分板中首先得到10杀的队伍是该项投注中的胜出者；</span>4. 第一轮 <span>- 赢得第一轮的队伍是该项投注中的胜出者；</span>5. 第一个赢得前5轮<span>- 赢得前5轮的队伍是该项投注中的胜出者；</span>6. 持续时间 <span>- 地图比赛总持续时间，根据游戏内的计时器；</span>7. 配对最高死亡数/击杀数<span>- 获得死亡次数/击杀数最高的玩家；</span>8. GODLIKE会出现 <span>- 任何队员的杀人数达到9个；</span>9. 信使被击杀<span>- 任何信使被其中一个队伍击杀；</span>10. 第一回合赢家（手枪局）<span>- 一个地图中第一回合赢家（手枪局）；</span>11. 第十六回合赢家（手枪局） <span>- 一个地图中第十六回合赢家（手枪局）；</span>12. 首个男爵击杀 <span>- 最先杀死第一个男爵的队伍；</span>13. 首个小龙击杀 <span>- 最先杀死第一个小龙的队伍；</span>14. 首个罗山击杀<span>- 最先杀死第一个罗山的队伍；</span>15. 摧毁首个防御塔 <span>- 最先摧毁对方防御塔的队伍，包括对方队伍自毁防御塔；</span>16. 摧毁首个炮塔 <span>- 最先摧毁对方炮塔的队伍。</span>"
    }
  },
  "Bonus_History": "福利中心",
  "bonus_history_page": {
    "No_record_found": "暂无记录",
    "Unclaim": "待领取",
    "Claim": "领取",
    "Total_Claim": "总领取",
    "Cash_Rebate": "Cash Rebate",
    "Claim_Now": "立即领取",
    "VIP_Tier_Upgrade_Bonus": "VIP 升级礼金",
    "Birthday_Bonus": "生日礼金",
    "CLAIM_SUCCESSFUL": "成功领取",
    "claim_success_notification": "您已成功兑换红利。<br/>您可以稍后在福利中心查看。",
    "ok": "OK"
  },
  "ABOUT_US": "关于我们",
  "about_us_page": {
    "Legal_Licenses": "正规牌照",
    "Legal_Licenses1": "马其他牌照<br/>(MGA) 认证",
    "Legal_Licenses2": "英属维尔京群岛<br/>(BVI)认证",
    "Legal_Licenses3": "菲律宾(PAGCOR)<br/>监管执照",
    "description": "我们拥有欧洲马耳他MGA和菲律宾政府（PAGCOR）颁发的合法牌照。 注册于英属维尔京群岛，是受国际协会认可的合法公司。进行注册并娱乐前，请确保您年满18周岁！"
  },
  "Crypto": "加密货币",
  "the_best_stable_coin": "USDT, 价格稳定 流通性高 不受监管",
  "Find_out_more": "了解更多 >",
  "Crypto_Option": "加密货币选项",
  "Network": "协议",
  "Compare_network": "协议区别 >",
  "deposit_minimun_crypto": "至少充入<span>20</span> USDT , 否则无法到账",
  "Do_not_need_to_enter_deposit_amount": "无需输入充值金额，<br/>充值成功后<br/>资金将自动存入您的钱包<br/>",
  "SAVE_QR_CODE": "保存二维码",
  "Copy": "复制",
  "Wallet_Address": "充币地址",
  "Please_contact_our": "充币遇到问题？联系<a href='#'>人工客服</a> 解决",
  "COMPLETE_TRANSFER": "完成充币",
  "Cryptocurrency_Introduction": "虚拟货币介绍",
  "cryptocurrency_introduction_page": {
    "title1": "什么是加密货币?",
    "description11": "虚拟币是一种不具备实体形式的、仅以数字形式存在的货币，也称之为“数字货币”。",
    "description12": "其性质与实体货币相似，允许在互联网上即时、无地理限制转让，主流的数字货币如USDT（泰达币）、BTC（比特币）、ETH（以太坊）等。",
    "description13": "用户可以通过数字货币交易平台购买数字货币，在平台进行支付、兑换成人民币从而进行游戏。",
    "title2": "加密货币优势",
    "title21": "高度加密",
    "description21": "与银行卡等传统交易方式相比，用户不需要给出自己的姓名或卡号即可完成虚拟币交易，避免敏感信息泄露",
    "title22": "交易快速",
    "description22": "虚拟币所采用的区块链技术具有去中心化特点，不需要清算中心机构来处理数据，交易时间大大缩短",
    "title23": "去中心化",
    "description23": "不由央行或当局发行，不受银行监管，用户可随心所欲的使用存放在自己数字钱包里的资金",
    "title3": "USDT 泰达币优势",
    "description3": "泰达币（Tether）也被称为USDT，其价值等同于美元。1 USDT=1美元，该特点使USDT成为全球加密数字货币中规模最大、流通性最高的稳定币，具有良好的保值性，也是网站所使用的主要币种。",
    "title31": "泰达币（Tether）也被称为USDT，其价值等同于美元。1 USDT=1美元，该特点使USDT成为全球加密数字货币中规模最大、流通性最高的稳定币，具有良好的保值性，也是网站所使用的主要币种。",
    "description31": "USDT 在涨跌幅上不会出现巨大的波动，只跟随美元汇率的变化而变化，价格非常稳定",
    "title32": "币价直观",
    "description32": "大部份币种不能直观看到相应的价值。需要计算转换，非常不便。而 USDT 可以直观的看到价值多少美元",
    "title33": "流通快速",
    "description33": "USDT 的流通是基于比特币区块链，稳定可靠。由于其恒定价值的特性，可随时转换为其他币种流通",
    "title4": "知名加密货币平台列示",
    "title41": "币安",
    "description41": "<ul><li>世界上最大的加密货币交易所</li><li>更高级的图表</li><li>安全的数字货币钱包和数秒内的支付速度</li></ul>",
    "title42": "Coinbase",
    "description42": "<ul><li>极其简单的用户界面</li><li>非常高的流动性</li><li>多种山寨币选择</li></ul>",
    "title43": "火币",
    "description43": "<ul><li>超过 230 种可交易资产</li><li>强大的多语言客户支持</li><li>流畅的法币存取款服务平台</li></ul>",
    "title44": "Luno",
    "description44": "<ul><li>获得马来西亚证券委员会认可的市场运营商（数字资产交易所）许可</li><li>不适用于美国客户</li><li>少量加密货币</li></ul>",
    "": ""
  },
  "COMPARE_NETWORK": "协议区别",
  "compare_network_page": {
    "title1": "协议介绍",
    "subtitle11": "TRC20: 基于波场网络协议",
    "description11": "TRC20的提币手续费最低，这意味着用户可以享受低手续费的交易所提币服务。同时，波场网络的TPS能够达到上千级别，可以实现交易秒级确认。",
    "subtitle12": "ERC20: 基于以太坊网络协议",
    "description12": "以太坊发行自己的原生代币及其他代币。但成千上万种代币的规则都不一样，这对后期市场发展非常不利。所以代币发行者做了一个智能合约标准，也就是ERC20。",
    "title2": "协议内容",
    "table": {
      "title1": "区别点",
      "title2": "TRC20 协议",
      "title3": "ERC20 协议",
      "row11": "地址样式",
      "row12": "TRC20-USDT地址以T开头",
      "row13": "ERC20-USDT地址以0x开头",
      "row21": "使用网络",
      "row22": "波场网络",
      "row23": "以太坊网络",
      "row31": "网络状态",
      "row32": "基本不堵",
      "row33": "经常拥堵",
      "row41": "转账速度",
      "row42": "极快（几秒到几分钟）",
      "row43": "普通（几分钟到数十分钟）",
      "row51": "手续费用",
      "row52": "低",
      "row53": "普通",
      "row61": "安全系数",
      "row62": "普通",
      "row63": "高",
      "row71": "使用建议",
      "row72": "小额高频交易推荐",
      "row73": "中等额度常规交易推荐",
      "": ""
    },
    "title3": "选哪种协议更好?",
    "title31": "小额交易推荐",
    "description31": "TRC20-USDT，低手续费，秒级到账。",
    "title32": "中等额度推荐",
    "description32": "ERC20-USDT，手续费和速度都介于中间值。",
    "warning": "*两种协议对应的USDT地址不互通，进行转账、充值等操作时，应仔细核对正确地址"
  },
  "Login_to_view": "Login to view",
  "Log_in_now_to_enjoy_better_experiences": "Log in now to enjoy better experiences",
  "Login_Register": "Login/Register",
  "SUCCESSFUL": "SUCCESSFUL",
  "contact_us_page": {
    "title": "1. OB Information",
    "description": "Facebook<br/>Youtube<br/>Twitter<br/>Instagram",
    "title1": "2. Customer Service Contact",
    "description1": "Marketing department: ob9cshelp@gmail.com<br/>Help Department: OBhelp@gmail.com",
    "title2": "3. Online Customer Service",
    "description2": "Our customer service staff upholding conscientious service attitude, 24 hours online customer service to provide you inquiries and help services"
  },
  "CUSTOMER_SERVICE": "CUSTOMER SERVICE",
  "customer_service_page": {
    "We_serve_you_24_hours": "We serve you 24 hours",
    "welcome": "Welcome to Customer Service Center",
    "CONTACT_CUSTOMER_SERVICE": "CONTACT CUSTOMER SERVICE",
    "CONTACT_CUSTOMER_SERVICE_MODAL_CONTENT": "Your password has been<br/>sucessfully updated!<br/>Please relogin your account.",
    "Tutorial_Guides": "Tutorial Guides",
    "Deposit_Tutorial": "Deposit<br/>Tutorial",
    "Withdrawal_Tutorial": "Withdrawal<br/>Tutorial",
    "Sport_Betting_Guide": "Sport Betting<br/>Guide",
    "Gameplay_Tutorial": "Gameplay <br/>Tutorial",
    "faq": "FAQ",
    "Online_Customer_Service": "Online Customer Service",
    "": ""
  },
  "hot_match_modal": {
    "title": "Bet On OB's<br/>FAVOURITE<br/>TEAMS NOW",
    "IGKBET": "IGKBET",
    "CMD368": "CMD368",
    "Australian": "Australian A-League Men",
    "BET_NOW": "BET NOW",
    "Perth_Glory": "Perth Glory",
    "vs": "VS",
    "Central_Coast_Mariners": "Central Coast<br/>Mariners",
    "UEFA": "UEFA Champions League",
    "Manchester_United": "Manchester<br/>United",
    "Atlético_Madrid": "Atlético Madrid",
    "AFC_Ajax": "AFC Ajax",
    "Benfica": "S.L. Benfica",
    "": ""
  },
  "universal_page": {
    "Malaysia": "Malaysia",
    "Singapore": "Singapore",
    "Thailand": "Thailand",
    "Vietnam": "Vietnam",
    "Indonesia": "Indonesia",
    "International": "International",
    "PLAY_NOW": "PLAY NOW"
  },
  "copied": "Copied!",
  "Select_payment_gateway_bank_to_deposit": "Select payment gateway bank to deposit",
  "paymentGatewaySuccessModal": "Please proceed to payment gateway <br/>to transfer the fund",
  "PROCEED": "PROCEED",
  "Online_Customer_Service": "Online Customer Service",
  "CASH_REBATE_RULES": "CASH REBATE RULES",
  "cash-rebate-rules-page": {
    "content1": "Please go to the \"Bonus Center\" and click to redeem your VIP cash rebate.",
    "content2": "The cash rebate is calculated based on your valid bets between 00:00-23:59 Malaysia time on the day.",
    "content3": "Draw results, betting both sides, voided/cancelled games or bet placed containing selections of odds less than 0.5 or 1.50 (Decimal Odds) and any bets on 3 Pictures, Casino Hold'em/Poker, Blackjack or RNG games are excluded in the cash rebate calculation.",
    "content4": "Your cash rebate can be claimed the next day at 5am onwards. Except for Monday where cash rebate will be auto credited into wallet from 11am onwards.",
    "content5": "If you have any questions regarding the cash rebate amount, please contact our customer service for assistance."
  },
  "slot_page": {
    "ALL": "ALL",
    "HOT": "HOT",
    "LATEST": "LATEST",
    "CLASSIC": "CLASSIC",
    "Street_Fighter": "Street Fighter",
    "Kingdom_Era": "Kingdom Era",
    "Relic_Adventure": "Relic Adventure",
    "Zombie_Fight": "Zombie Fight",
    "Harry_Potter": "Harry Potter",
    "Classic_LaBa": "Classic LaBa",
    "Plant_VS_Zombie": "Plant VS Zombie",
    "Golden_Miner": "Golden Miner",
    "Candy_World": "Candy World",
    "Monster_Quest": "Monster Quest",
    "Magic_Girls": "Magic Girls",
    "Alladdin": "Alladdin",
    "": ""
  },
  "promotion-slot": "SLOTS",
  "promotion_page": {
    "title1": "Montly VIP Red Packet Giveaway",
    "description1": "Long term promotion",
    "title2": "Enjoy Extra Bonus On Top Of Your Winnings",
    "description2": "Long term promotion",
    "title3": "UEFA Champions League Final",
    "description3": "Long term promotion",
    "title4": "First Deposit Reward",
    "description4": "Long term promotion",
    "title5": "Montly VIP Red Packet Giveaway",
    "description5": "Long term promotion",
    "title6": "Enjoy Extra Bonus On Top Of Your Winnings",
    "description6": "Long term promotion",
    "title7": "First Deposit Reward",
    "description7": "Long term promotion",
    "title8": "Enjoy Extra Bonus On Top Of Your Winnings",
    "description8": "Long term promotion",
    "title9": "UEFA Champions League Final",
    "description9": "Long term promotion",
    "": ""  
  },
  "BONUS_CENTER": "BONUS CENTER",
  "Attach_Receipt_note": "*Attach receipt for faster processing time (Optional)",
  "withdrawal_success_message": "Your withdrawal request has been submitted successfully. Kindly check the processing status in History page. If your withdrawal is not completed after 30 minutes, please contact Customer Service.",
  "exchange_rate": "Exchange Rate:",
  "For_Reference_Only": "(For Reference Only)",
  "Memo": "Memo",
  "Monthly_VIP_Red_Packet_Giveaway": "Monthly VIP Red Packet Giveaway",
  "promo_page_inside": {
    "title": "The title of the content",
    "description1": "Lörem ipsum operanetik bera. Neling homodinat det kaffeflicka i exon. Infranade råsamma. Timellare yr tide mijassade: nyns. Pohet dyng reanins: och dena, hotrere emkemi. ",
    "description2": "Mjuta trens betrera pobånat. Okronas trest epövis i empatologi desödat och knarkometer, i nysat inte gigahon i en. Lir kåde ponde. Fast tir damys. Suninde kande i adyrer bepp. ",
    "description3": "Varonor dessade. Sessade inat, misk egenanställningsföretag. Tilogi birar. Förväntningssamhälle bevoberas hyposk i terang, povis, tetraliga plade massa delogi. Kafussade lode när gonenas i bibel, epögen. ",
    "description4": "Platta till kurvan ilig innan bes då spesa ninar, dasaleling, hexagolingar. Nyhetsbok ren bisorad, negiligt hende. Fåss adode beng att hexasektig vipönde sektigt, länar och reren ladåre nybel antelig. Hyposs miren men kyniliga filolog sedan ferad terabepreren i dingen tebel antiska. Todin vitesöre. <br/>Sehogt vilig dyda lapavis lapesang, och dåvis, om laska. Linde nelig diaskade. Nypöskapet nenade planing krodårade. Bektig bölassade, lining prekronde, tikask. Miseska aktigt. ",
    "": ""
  },
  "Join_since": "Join since 14 Feb 2022",
  "": "",
  "": "",
  "": ""
}
